{"cameraMode":{"drawMode":0,"name":"Shaded","section":"Shading Mode"},"sceneLighting":true,"audioPlay":false,"sceneViewState":{"m_AlwaysRefresh":true,"showFog":true,"showSkybox":true,"showFlares":true,"showImageEffects":true,"showParticleSystems":true,"showVisualEffectGraphs":true,"m_FxEnabled":true},"in2DMode":false,"pivot":{"x":0.7013802528381348,"y":4.191652297973633,"z":-0.6892681121826172},"rotation":{"x":-0.09028220176696778,"y":-0.17328031361103059,"z":0.015953263267874719,"w":-0.9805988073348999},"size":12.12435531616211,"orthographic":false}